District,Year,Offence Group,Total Number of Offences
Armadale District,16,Assault Police Officer,61.0
Armadale District,16,Attempted / Conspiracy to Murder,0.0
Armadale District,16,Breach of Family Violence Restraint Order,999.0
Armadale District,16,Breach of Police Order,192.0
Armadale District,16,Breach of Violence Restraint Order,165.0
Armadale District,16,Burglary (Dwelling),2788.0
Armadale District,16,Burglary (Non-Dwelling),844.0
Armadale District,16,Cause Bushfire,10.0
Armadale District,16,Cause Damage by Fire,86.0
Armadale District,16,Common Assault (Family),1715.0
Armadale District,16,Common Assault (Non-Family),725.0
Armadale District,16,Criminal Damage,780.0
Armadale District,16,Cultivate or Manufacture Drugs,69.0
Armadale District,16,Damage,2393.0
Armadale District,16,Deprivation of Liberty,31.0
Armadale District,16,Driving Causing Death,3.0
Armadale District,16,Drug Dealing,271.0
Armadale District,16,Drug Possession,1633.0
Armadale District,16,Forgery,26.0
Armadale District,16,Fraud (Credit Card),0.0
Armadale District,16,Fraud (Not Elsewhere Classified),1344.0
Armadale District,16,Graffiti,212.0
Armadale District,16,Kidnapping / Child Stealing,3.0
Armadale District,16,Manslaughter,0.0
Armadale District,16,Murder,2.0
Armadale District,16,Non-Assaultive Sexual Offences,111.0
Armadale District,16,Other Drug Offences,11.0
Armadale District,16,Other Fire Related Offences,4.0
Armadale District,16,Possess Stolen Property,366.0
Armadale District,16,Possess Weapon to Cause Fear (Family),86.0
Armadale District,16,Possess Weapon to Cause Fear (Non-Family),195.0
Armadale District,16,Possession of Drug Paraphernalia,1090.0
Armadale District,16,Receiving Stolen Property,53.0
Armadale District,16,Regulated Weapons Offences,635.0
Armadale District,16,Robbery (Business),24.0
Armadale District,16,Robbery (Non-Business),137.0
Armadale District,16,Serious Assault (Family),277.0
Armadale District,16,Serious Assault (Non-Family),386.0
Armadale District,16,Sexual Assault,354.0
Armadale District,16,Stealing (Not Elsewhere Classified),8026.0
Armadale District,16,Stealing From Dwelling,0.0
Armadale District,16,Stealing From Motor Vehicle (Contents or Parts),0.0
Armadale District,16,Stealing From Other Premises or Place,0.0
Armadale District,16,Stealing From Retail Premises (Shoplift),0.0
Armadale District,16,Stealing as a Servant,11.0
Armadale District,16,Stealing of Motor Vehicle,813.0
Armadale District,16,Threatening Behaviour (Family),239.0
Armadale District,16,Threatening Behaviour (Non-Family),164.0
Cannington District,16,Assault Police Officer,62.0
Cannington District,16,Attempted / Conspiracy to Murder,0.0
Cannington District,16,Breach of Family Violence Restraint Order,399.0
Cannington District,16,Breach of Police Order,197.0
Cannington District,16,Breach of Violence Restraint Order,101.0
Cannington District,16,Burglary (Dwelling),3591.0
Cannington District,16,Burglary (Non-Dwelling),829.0
Cannington District,16,Cause Bushfire,0.0
Cannington District,16,Cause Damage by Fire,62.0
Cannington District,16,Common Assault (Family),1216.0
Cannington District,16,Common Assault (Non-Family),691.0
Cannington District,16,Criminal Damage,642.0
Cannington District,16,Cultivate or Manufacture Drugs,45.0
Cannington District,16,Damage,2725.0
Cannington District,16,Deprivation of Liberty,20.0
Cannington District,16,Driving Causing Death,1.0
Cannington District,16,Drug Dealing,225.0
Cannington District,16,Drug Possession,1467.0
Cannington District,16,Forgery,26.0
Cannington District,16,Fraud (Credit Card),0.0
Cannington District,16,Fraud (Not Elsewhere Classified),1951.0
Cannington District,16,Graffiti,123.0
Cannington District,16,Kidnapping / Child Stealing,3.0
Cannington District,16,Manslaughter,2.0
Cannington District,16,Murder,1.0
Cannington District,16,Non-Assaultive Sexual Offences,90.0
Cannington District,16,Other Drug Offences,13.0
Cannington District,16,Other Fire Related Offences,0.0
Cannington District,16,Possess Stolen Property,596.0
Cannington District,16,Possess Weapon to Cause Fear (Family),68.0
Cannington District,16,Possess Weapon to Cause Fear (Non-Family),241.0
Cannington District,16,Possession of Drug Paraphernalia,886.0
Cannington District,16,Receiving Stolen Property,73.0
Cannington District,16,Regulated Weapons Offences,347.0
Cannington District,16,Robbery (Business),21.0
Cannington District,16,Robbery (Non-Business),160.0
Cannington District,16,Serious Assault (Family),248.0
Cannington District,16,Serious Assault (Non-Family),304.0
Cannington District,16,Sexual Assault,276.0
Cannington District,16,Stealing (Not Elsewhere Classified),11145.0
Cannington District,16,Stealing From Dwelling,0.0
Cannington District,16,Stealing From Motor Vehicle (Contents or Parts),0.0
Cannington District,16,Stealing From Other Premises or Place,0.0
Cannington District,16,Stealing From Retail Premises (Shoplift),0.0
Cannington District,16,Stealing as a Servant,20.0
Cannington District,16,Stealing of Motor Vehicle,1124.0
Cannington District,16,Threatening Behaviour (Family),179.0
Cannington District,16,Threatening Behaviour (Non-Family),174.0
Fremantle District,16,Assault Police Officer,62.0
Fremantle District,16,Attempted / Conspiracy to Murder,4.0
Fremantle District,16,Breach of Family Violence Restraint Order,412.0
Fremantle District,16,Breach of Police Order,101.0
Fremantle District,16,Breach of Violence Restraint Order,83.0
Fremantle District,16,Burglary (Dwelling),2759.0
Fremantle District,16,Burglary (Non-Dwelling),1033.0
Fremantle District,16,Cause Bushfire,1.0
Fremantle District,16,Cause Damage by Fire,71.0
Fremantle District,16,Common Assault (Family),1066.0
Fremantle District,16,Common Assault (Non-Family),583.0
Fremantle District,16,Criminal Damage,590.0
Fremantle District,16,Cultivate or Manufacture Drugs,40.0
Fremantle District,16,Damage,2483.0
Fremantle District,16,Deprivation of Liberty,20.0
Fremantle District,16,Driving Causing Death,0.0
Fremantle District,16,Drug Dealing,215.0
Fremantle District,16,Drug Possession,1433.0
Fremantle District,16,Forgery,17.0
Fremantle District,16,Fraud (Credit Card),0.0
Fremantle District,16,Fraud (Not Elsewhere Classified),1887.0
Fremantle District,16,Graffiti,109.0
Fremantle District,16,Kidnapping / Child Stealing,1.0
Fremantle District,16,Manslaughter,1.0
Fremantle District,16,Murder,4.0
Fremantle District,16,Non-Assaultive Sexual Offences,110.0
Fremantle District,16,Other Drug Offences,22.0
Fremantle District,16,Other Fire Related Offences,2.0
Fremantle District,16,Possess Stolen Property,379.0
Fremantle District,16,Possess Weapon to Cause Fear (Family),47.0
Fremantle District,16,Possess Weapon to Cause Fear (Non-Family),135.0
Fremantle District,16,Possession of Drug Paraphernalia,1011.0
Fremantle District,16,Receiving Stolen Property,67.0
Fremantle District,16,Regulated Weapons Offences,406.0
Fremantle District,16,Robbery (Business),20.0
Fremantle District,16,Robbery (Non-Business),118.0
Fremantle District,16,Serious Assault (Family),207.0
Fremantle District,16,Serious Assault (Non-Family),283.0
Fremantle District,16,Sexual Assault,237.0
Fremantle District,16,Stealing (Not Elsewhere Classified),10556.0
Fremantle District,16,Stealing From Dwelling,0.0
Fremantle District,16,Stealing From Motor Vehicle (Contents or Parts),0.0
Fremantle District,16,Stealing From Other Premises or Place,0.0
Fremantle District,16,Stealing From Retail Premises (Shoplift),0.0
Fremantle District,16,Stealing as a Servant,23.0
Fremantle District,16,Stealing of Motor Vehicle,733.0
Fremantle District,16,Threatening Behaviour (Family),166.0
Fremantle District,16,Threatening Behaviour (Non-Family),162.0
Goldfields-Esperance District,16,Assault Police Officer,111.0
Goldfields-Esperance District,16,Attempted / Conspiracy to Murder,0.0
Goldfields-Esperance District,16,Breach of Family Violence Restraint Order,183.0
Goldfields-Esperance District,16,Breach of Police Order,193.0
Goldfields-Esperance District,16,Breach of Violence Restraint Order,37.0
Goldfields-Esperance District,16,Burglary (Dwelling),900.0
Goldfields-Esperance District,16,Burglary (Non-Dwelling),391.0
Goldfields-Esperance District,16,Cause Bushfire,2.0
Goldfields-Esperance District,16,Cause Damage by Fire,30.0
Goldfields-Esperance District,16,Common Assault (Family),607.0
Goldfields-Esperance District,16,Common Assault (Non-Family),263.0
Goldfields-Esperance District,16,Criminal Damage,566.0
Goldfields-Esperance District,16,Cultivate or Manufacture Drugs,43.0
Goldfields-Esperance District,16,Damage,1311.0
Goldfields-Esperance District,16,Deprivation of Liberty,7.0
Goldfields-Esperance District,16,Driving Causing Death,2.0
Goldfields-Esperance District,16,Drug Dealing,84.0
Goldfields-Esperance District,16,Drug Possession,609.0
Goldfields-Esperance District,16,Forgery,15.0
Goldfields-Esperance District,16,Fraud (Credit Card),0.0
Goldfields-Esperance District,16,Fraud (Not Elsewhere Classified),537.0
Goldfields-Esperance District,16,Graffiti,54.0
Goldfields-Esperance District,16,Kidnapping / Child Stealing,1.0
Goldfields-Esperance District,16,Manslaughter,1.0
Goldfields-Esperance District,16,Murder,3.0
Goldfields-Esperance District,16,Non-Assaultive Sexual Offences,7.0
Goldfields-Esperance District,16,Other Drug Offences,6.0
Goldfields-Esperance District,16,Other Fire Related Offences,2.0
Goldfields-Esperance District,16,Possess Stolen Property,106.0
Goldfields-Esperance District,16,Possess Weapon to Cause Fear (Family),29.0
Goldfields-Esperance District,16,Possess Weapon to Cause Fear (Non-Family),88.0
Goldfields-Esperance District,16,Possession of Drug Paraphernalia,498.0
Goldfields-Esperance District,16,Receiving Stolen Property,29.0
Goldfields-Esperance District,16,Regulated Weapons Offences,165.0
Goldfields-Esperance District,16,Robbery (Business),2.0
Goldfields-Esperance District,16,Robbery (Non-Business),24.0
Goldfields-Esperance District,16,Serious Assault (Family),252.0
Goldfields-Esperance District,16,Serious Assault (Non-Family),197.0
Goldfields-Esperance District,16,Sexual Assault,110.0
Goldfields-Esperance District,16,Stealing (Not Elsewhere Classified),1875.0
Goldfields-Esperance District,16,Stealing From Dwelling,0.0
Goldfields-Esperance District,16,Stealing From Motor Vehicle (Contents or Parts),0.0
Goldfields-Esperance District,16,Stealing From Other Premises or Place,0.0
Goldfields-Esperance District,16,Stealing From Retail Premises (Shoplift),0.0
Goldfields-Esperance District,16,Stealing as a Servant,12.0
Goldfields-Esperance District,16,Stealing of Motor Vehicle,262.0
Goldfields-Esperance District,16,Threatening Behaviour (Family),41.0
Goldfields-Esperance District,16,Threatening Behaviour (Non-Family),41.0
Great Southern District,16,Assault Police Officer,25.0
Great Southern District,16,Attempted / Conspiracy to Murder,0.0
Great Southern District,16,Breach of Family Violence Restraint Order,179.0
Great Southern District,16,Breach of Police Order,146.0
Great Southern District,16,Breach of Violence Restraint Order,28.0
Great Southern District,16,Burglary (Dwelling),581.0
Great Southern District,16,Burglary (Non-Dwelling),346.0
Great Southern District,16,Cause Bushfire,14.0
Great Southern District,16,Cause Damage by Fire,30.0
Great Southern District,16,Common Assault (Family),555.0
Great Southern District,16,Common Assault (Non-Family),188.0
Great Southern District,16,Criminal Damage,155.0
Great Southern District,16,Cultivate or Manufacture Drugs,95.0
Great Southern District,16,Damage,898.0
Great Southern District,16,Deprivation of Liberty,7.0
Great Southern District,16,Driving Causing Death,1.0
Great Southern District,16,Drug Dealing,84.0
Great Southern District,16,Drug Possession,797.0
Great Southern District,16,Forgery,1.0
Great Southern District,16,Fraud (Credit Card),0.0
Great Southern District,16,Fraud (Not Elsewhere Classified),839.0
Great Southern District,16,Graffiti,43.0
Great Southern District,16,Kidnapping / Child Stealing,0.0
Great Southern District,16,Manslaughter,0.0
Great Southern District,16,Murder,0.0
Great Southern District,16,Non-Assaultive Sexual Offences,22.0
Great Southern District,16,Other Drug Offences,9.0
Great Southern District,16,Other Fire Related Offences,3.0
Great Southern District,16,Possess Stolen Property,96.0
Great Southern District,16,Possess Weapon to Cause Fear (Family),13.0
Great Southern District,16,Possess Weapon to Cause Fear (Non-Family),32.0
Great Southern District,16,Possession of Drug Paraphernalia,650.0
Great Southern District,16,Receiving Stolen Property,19.0
Great Southern District,16,Regulated Weapons Offences,181.0
Great Southern District,16,Robbery (Business),1.0
Great Southern District,16,Robbery (Non-Business),12.0
Great Southern District,16,Serious Assault (Family),97.0
Great Southern District,16,Serious Assault (Non-Family),99.0
Great Southern District,16,Sexual Assault,216.0
Great Southern District,16,Stealing (Not Elsewhere Classified),1714.0
Great Southern District,16,Stealing From Dwelling,0.0
Great Southern District,16,Stealing From Motor Vehicle (Contents or Parts),0.0
Great Southern District,16,Stealing From Other Premises or Place,0.0
Great Southern District,16,Stealing From Retail Premises (Shoplift),0.0
Great Southern District,16,Stealing as a Servant,15.0
Great Southern District,16,Stealing of Motor Vehicle,110.0
Great Southern District,16,Threatening Behaviour (Family),62.0
Great Southern District,16,Threatening Behaviour (Non-Family),36.0
Joondalup District,16,Assault Police Officer,60.0
Joondalup District,16,Attempted / Conspiracy to Murder,3.0
Joondalup District,16,Breach of Family Violence Restraint Order,1093.0
Joondalup District,16,Breach of Police Order,271.0
Joondalup District,16,Breach of Violence Restraint Order,122.0
Joondalup District,16,Burglary (Dwelling),2345.0
Joondalup District,16,Burglary (Non-Dwelling),790.0
Joondalup District,16,Cause Bushfire,8.0
Joondalup District,16,Cause Damage by Fire,80.0
Joondalup District,16,Common Assault (Family),1701.0
Joondalup District,16,Common Assault (Non-Family),507.0
Joondalup District,16,Criminal Damage,559.0
Joondalup District,16,Cultivate or Manufacture Drugs,81.0
Joondalup District,16,Damage,2217.0
Joondalup District,16,Deprivation of Liberty,32.0
Joondalup District,16,Driving Causing Death,2.0
Joondalup District,16,Drug Dealing,504.0
Joondalup District,16,Drug Possession,1989.0
Joondalup District,16,Forgery,8.0
Joondalup District,16,Fraud (Credit Card),0.0
Joondalup District,16,Fraud (Not Elsewhere Classified),1173.0
Joondalup District,16,Graffiti,211.0
Joondalup District,16,Kidnapping / Child Stealing,9.0
Joondalup District,16,Manslaughter,4.0
Joondalup District,16,Murder,8.0
Joondalup District,16,Non-Assaultive Sexual Offences,115.0
Joondalup District,16,Other Drug Offences,14.0
Joondalup District,16,Other Fire Related Offences,9.0
Joondalup District,16,Possess Stolen Property,617.0
Joondalup District,16,Possess Weapon to Cause Fear (Family),28.0
Joondalup District,16,Possess Weapon to Cause Fear (Non-Family),131.0
Joondalup District,16,Possession of Drug Paraphernalia,1546.0
Joondalup District,16,Receiving Stolen Property,50.0
Joondalup District,16,Regulated Weapons Offences,534.0
Joondalup District,16,Robbery (Business),25.0
Joondalup District,16,Robbery (Non-Business),125.0
Joondalup District,16,Serious Assault (Family),230.0
Joondalup District,16,Serious Assault (Non-Family),313.0
Joondalup District,16,Sexual Assault,395.0
Joondalup District,16,Stealing (Not Elsewhere Classified),8544.0
Joondalup District,16,Stealing From Dwelling,0.0
Joondalup District,16,Stealing From Motor Vehicle (Contents or Parts),0.0
Joondalup District,16,Stealing From Other Premises or Place,0.0
Joondalup District,16,Stealing From Retail Premises (Shoplift),0.0
Joondalup District,16,Stealing as a Servant,28.0
Joondalup District,16,Stealing of Motor Vehicle,843.0
Joondalup District,16,Threatening Behaviour (Family),236.0
Joondalup District,16,Threatening Behaviour (Non-Family),104.0
Kimberley District,16,Assault Police Officer,72.0
Kimberley District,16,Attempted / Conspiracy to Murder,3.0
Kimberley District,16,Breach of Family Violence Restraint Order,461.0
Kimberley District,16,Breach of Police Order,283.0
Kimberley District,16,Breach of Violence Restraint Order,55.0
Kimberley District,16,Burglary (Dwelling),764.0
Kimberley District,16,Burglary (Non-Dwelling),536.0
Kimberley District,16,Cause Bushfire,6.0
Kimberley District,16,Cause Damage by Fire,43.0
Kimberley District,16,Common Assault (Family),1637.0
Kimberley District,16,Common Assault (Non-Family),282.0
Kimberley District,16,Criminal Damage,266.0
Kimberley District,16,Cultivate or Manufacture Drugs,4.0
Kimberley District,16,Damage,1153.0
Kimberley District,16,Deprivation of Liberty,15.0
Kimberley District,16,Driving Causing Death,3.0
Kimberley District,16,Drug Dealing,159.0
Kimberley District,16,Drug Possession,608.0
Kimberley District,16,Forgery,1.0
Kimberley District,16,Fraud (Credit Card),0.0
Kimberley District,16,Fraud (Not Elsewhere Classified),409.0
Kimberley District,16,Graffiti,42.0
Kimberley District,16,Kidnapping / Child Stealing,1.0
Kimberley District,16,Manslaughter,0.0
Kimberley District,16,Murder,1.0
Kimberley District,16,Non-Assaultive Sexual Offences,20.0
Kimberley District,16,Other Drug Offences,57.0
Kimberley District,16,Other Fire Related Offences,1.0
Kimberley District,16,Possess Stolen Property,92.0
Kimberley District,16,Possess Weapon to Cause Fear (Family),93.0
Kimberley District,16,Possess Weapon to Cause Fear (Non-Family),134.0
Kimberley District,16,Possession of Drug Paraphernalia,411.0
Kimberley District,16,Receiving Stolen Property,34.0
Kimberley District,16,Regulated Weapons Offences,123.0
Kimberley District,16,Robbery (Business),2.0
Kimberley District,16,Robbery (Non-Business),29.0
Kimberley District,16,Serious Assault (Family),687.0
Kimberley District,16,Serious Assault (Non-Family),261.0
Kimberley District,16,Sexual Assault,180.0
Kimberley District,16,Stealing (Not Elsewhere Classified),1450.0
Kimberley District,16,Stealing From Dwelling,0.0
Kimberley District,16,Stealing From Motor Vehicle (Contents or Parts),0.0
Kimberley District,16,Stealing From Other Premises or Place,0.0
Kimberley District,16,Stealing From Retail Premises (Shoplift),0.0
Kimberley District,16,Stealing as a Servant,9.0
Kimberley District,16,Stealing of Motor Vehicle,425.0
Kimberley District,16,Threatening Behaviour (Family),194.0
Kimberley District,16,Threatening Behaviour (Non-Family),45.0
Mandurah District,16,Assault Police Officer,71.0
Mandurah District,16,Attempted / Conspiracy to Murder,3.0
Mandurah District,16,Breach of Family Violence Restraint Order,996.0
Mandurah District,16,Breach of Police Order,218.0
Mandurah District,16,Breach of Violence Restraint Order,151.0
Mandurah District,16,Burglary (Dwelling),3155.0
Mandurah District,16,Burglary (Non-Dwelling),880.0
Mandurah District,16,Cause Bushfire,18.0
Mandurah District,16,Cause Damage by Fire,99.0
Mandurah District,16,Common Assault (Family),2165.0
Mandurah District,16,Common Assault (Non-Family),743.0
Mandurah District,16,Criminal Damage,700.0
Mandurah District,16,Cultivate or Manufacture Drugs,95.0
Mandurah District,16,Damage,3030.0
Mandurah District,16,Deprivation of Liberty,27.0
Mandurah District,16,Driving Causing Death,3.0
Mandurah District,16,Drug Dealing,274.0
Mandurah District,16,Drug Possession,1518.0
Mandurah District,16,Forgery,21.0
Mandurah District,16,Fraud (Credit Card),0.0
Mandurah District,16,Fraud (Not Elsewhere Classified),1607.0
Mandurah District,16,Graffiti,240.0
Mandurah District,16,Kidnapping / Child Stealing,1.0
Mandurah District,16,Manslaughter,2.0
Mandurah District,16,Murder,3.0
Mandurah District,16,Non-Assaultive Sexual Offences,130.0
Mandurah District,16,Other Drug Offences,8.0
Mandurah District,16,Other Fire Related Offences,8.0
Mandurah District,16,Possess Stolen Property,326.0
Mandurah District,16,Possess Weapon to Cause Fear (Family),96.0
Mandurah District,16,Possess Weapon to Cause Fear (Non-Family),218.0
Mandurah District,16,Possession of Drug Paraphernalia,1061.0
Mandurah District,16,Receiving Stolen Property,50.0
Mandurah District,16,Regulated Weapons Offences,551.0
Mandurah District,16,Robbery (Business),35.0
Mandurah District,16,Robbery (Non-Business),155.0
Mandurah District,16,Serious Assault (Family),323.0
Mandurah District,16,Serious Assault (Non-Family),373.0
Mandurah District,16,Sexual Assault,502.0
Mandurah District,16,Stealing (Not Elsewhere Classified),9222.0
Mandurah District,16,Stealing From Dwelling,0.0
Mandurah District,16,Stealing From Motor Vehicle (Contents or Parts),0.0
Mandurah District,16,Stealing From Other Premises or Place,0.0
Mandurah District,16,Stealing From Retail Premises (Shoplift),0.0
Mandurah District,16,Stealing as a Servant,24.0
Mandurah District,16,Stealing of Motor Vehicle,1001.0
Mandurah District,16,Threatening Behaviour (Family),321.0
Mandurah District,16,Threatening Behaviour (Non-Family),190.0
Metropolitan Region,16,Assault Police Officer,612.0
Metropolitan Region,16,Attempted / Conspiracy to Murder,17.0
Metropolitan Region,16,Breach of Family Violence Restraint Order,5521.0
Metropolitan Region,16,Breach of Police Order,1558.0
Metropolitan Region,16,Breach of Violence Restraint Order,898.0
Metropolitan Region,16,Burglary (Dwelling),21583.0
Metropolitan Region,16,Burglary (Non-Dwelling),6601.0
Metropolitan Region,16,Cause Bushfire,68.0
Metropolitan Region,16,Cause Damage by Fire,625.0
Metropolitan Region,16,Common Assault (Family),11823.0
Metropolitan Region,16,Common Assault (Non-Family),5308.0
Metropolitan Region,16,Criminal Damage,4848.0
Metropolitan Region,16,Cultivate or Manufacture Drugs,479.0
Metropolitan Region,16,Damage,20002.0
Metropolitan Region,16,Deprivation of Liberty,213.0
Metropolitan Region,16,Driving Causing Death,12.0
Metropolitan Region,16,Drug Dealing,2457.0
Metropolitan Region,16,Drug Possession,13004.0
Metropolitan Region,16,Forgery,153.0
Metropolitan Region,16,Fraud (Credit Card),0.0
Metropolitan Region,16,Fraud (Not Elsewhere Classified),13370.0
Metropolitan Region,16,Graffiti,1506.0
Metropolitan Region,16,Kidnapping / Child Stealing,23.0
Metropolitan Region,16,Manslaughter,10.0
Metropolitan Region,16,Murder,29.0
Metropolitan Region,16,Non-Assaultive Sexual Offences,1068.0
Metropolitan Region,16,Other Drug Offences,99.0
Metropolitan Region,16,Other Fire Related Offences,30.0
Metropolitan Region,16,Possess Stolen Property,3755.0
Metropolitan Region,16,Possess Weapon to Cause Fear (Family),478.0
Metropolitan Region,16,Possess Weapon to Cause Fear (Non-Family),1462.0
Metropolitan Region,16,Possession of Drug Paraphernalia,8662.0
Metropolitan Region,16,Receiving Stolen Property,431.0
Metropolitan Region,16,Regulated Weapons Offences,3700.0
Metropolitan Region,16,Robbery (Business),181.0
Metropolitan Region,16,Robbery (Non-Business),1052.0
Metropolitan Region,16,Serious Assault (Family),1899.0
Metropolitan Region,16,Serious Assault (Non-Family),2812.0
Metropolitan Region,16,Sexual Assault,2989.0
Metropolitan Region,16,Stealing (Not Elsewhere Classified),73045.0
Metropolitan Region,16,Stealing From Dwelling,0.0
Metropolitan Region,16,Stealing From Motor Vehicle (Contents or Parts),0.0
Metropolitan Region,16,Stealing From Other Premises or Place,0.0
Metropolitan Region,16,Stealing From Retail Premises (Shoplift),0.0
Metropolitan Region,16,Stealing as a Servant,181.0
Metropolitan Region,16,Stealing of Motor Vehicle,6717.0
Metropolitan Region,16,Threatening Behaviour (Family),1792.0
Metropolitan Region,16,Threatening Behaviour (Non-Family),1220.0
Mid West-Gascoyne District,16,Assault Police Officer,39.0
Mid West-Gascoyne District,16,Attempted / Conspiracy to Murder,2.0
Mid West-Gascoyne District,16,Breach of Family Violence Restraint Order,588.0
Mid West-Gascoyne District,16,Breach of Police Order,149.0
Mid West-Gascoyne District,16,Breach of Violence Restraint Order,74.0
Mid West-Gascoyne District,16,Burglary (Dwelling),1308.0
Mid West-Gascoyne District,16,Burglary (Non-Dwelling),531.0
Mid West-Gascoyne District,16,Cause Bushfire,5.0
Mid West-Gascoyne District,16,Cause Damage by Fire,30.0
Mid West-Gascoyne District,16,Common Assault (Family),757.0
Mid West-Gascoyne District,16,Common Assault (Non-Family),259.0
Mid West-Gascoyne District,16,Criminal Damage,375.0
Mid West-Gascoyne District,16,Cultivate or Manufacture Drugs,49.0
Mid West-Gascoyne District,16,Damage,1431.0
Mid West-Gascoyne District,16,Deprivation of Liberty,7.0
Mid West-Gascoyne District,16,Driving Causing Death,3.0
Mid West-Gascoyne District,16,Drug Dealing,149.0
Mid West-Gascoyne District,16,Drug Possession,783.0
Mid West-Gascoyne District,16,Forgery,2.0
Mid West-Gascoyne District,16,Fraud (Credit Card),0.0
Mid West-Gascoyne District,16,Fraud (Not Elsewhere Classified),479.0
Mid West-Gascoyne District,16,Graffiti,66.0
Mid West-Gascoyne District,16,Kidnapping / Child Stealing,0.0
Mid West-Gascoyne District,16,Manslaughter,0.0
Mid West-Gascoyne District,16,Murder,0.0
Mid West-Gascoyne District,16,Non-Assaultive Sexual Offences,41.0
Mid West-Gascoyne District,16,Other Drug Offences,13.0
Mid West-Gascoyne District,16,Other Fire Related Offences,1.0
Mid West-Gascoyne District,16,Possess Stolen Property,72.0
Mid West-Gascoyne District,16,Possess Weapon to Cause Fear (Family),30.0
Mid West-Gascoyne District,16,Possess Weapon to Cause Fear (Non-Family),74.0
Mid West-Gascoyne District,16,Possession of Drug Paraphernalia,687.0
Mid West-Gascoyne District,16,Receiving Stolen Property,16.0
Mid West-Gascoyne District,16,Regulated Weapons Offences,194.0
Mid West-Gascoyne District,16,Robbery (Business),5.0
Mid West-Gascoyne District,16,Robbery (Non-Business),25.0
Mid West-Gascoyne District,16,Serious Assault (Family),219.0
Mid West-Gascoyne District,16,Serious Assault (Non-Family),177.0
Mid West-Gascoyne District,16,Sexual Assault,130.0
Mid West-Gascoyne District,16,Stealing (Not Elsewhere Classified),2431.0
Mid West-Gascoyne District,16,Stealing From Dwelling,0.0
Mid West-Gascoyne District,16,Stealing From Motor Vehicle (Contents or Parts),0.0
Mid West-Gascoyne District,16,Stealing From Other Premises or Place,0.0
Mid West-Gascoyne District,16,Stealing From Retail Premises (Shoplift),0.0
Mid West-Gascoyne District,16,Stealing as a Servant,7.0
Mid West-Gascoyne District,16,Stealing of Motor Vehicle,246.0
Mid West-Gascoyne District,16,Threatening Behaviour (Family),78.0
Mid West-Gascoyne District,16,Threatening Behaviour (Non-Family),49.0
Midland District,16,Assault Police Officer,67.0
Midland District,16,Attempted / Conspiracy to Murder,3.0
Midland District,16,Breach of Family Violence Restraint Order,691.0
Midland District,16,Breach of Police Order,303.0
Midland District,16,Breach of Violence Restraint Order,96.0
Midland District,16,Burglary (Dwelling),2540.0
Midland District,16,Burglary (Non-Dwelling),774.0
Midland District,16,Cause Bushfire,28.0
Midland District,16,Cause Damage by Fire,98.0
Midland District,16,Common Assault (Family),1811.0
Midland District,16,Common Assault (Non-Family),689.0
Midland District,16,Criminal Damage,627.0
Midland District,16,Cultivate or Manufacture Drugs,67.0
Midland District,16,Damage,2509.0
Midland District,16,Deprivation of Liberty,40.0
Midland District,16,Driving Causing Death,2.0
Midland District,16,Drug Dealing,242.0
Midland District,16,Drug Possession,1448.0
Midland District,16,Forgery,10.0
Midland District,16,Fraud (Credit Card),0.0
Midland District,16,Fraud (Not Elsewhere Classified),1478.0
Midland District,16,Graffiti,162.0
Midland District,16,Kidnapping / Child Stealing,3.0
Midland District,16,Manslaughter,1.0
Midland District,16,Murder,4.0
Midland District,16,Non-Assaultive Sexual Offences,75.0
Midland District,16,Other Drug Offences,10.0
Midland District,16,Other Fire Related Offences,6.0
Midland District,16,Possess Stolen Property,373.0
Midland District,16,Possess Weapon to Cause Fear (Family),89.0
Midland District,16,Possess Weapon to Cause Fear (Non-Family),180.0
Midland District,16,Possession of Drug Paraphernalia,1032.0
Midland District,16,Receiving Stolen Property,55.0
Midland District,16,Regulated Weapons Offences,476.0
Midland District,16,Robbery (Business),15.0
Midland District,16,Robbery (Non-Business),107.0
Midland District,16,Serious Assault (Family),281.0
Midland District,16,Serious Assault (Non-Family),323.0
Midland District,16,Sexual Assault,426.0
Midland District,16,Stealing (Not Elsewhere Classified),7009.0
Midland District,16,Stealing From Dwelling,0.0
Midland District,16,Stealing From Motor Vehicle (Contents or Parts),0.0
Midland District,16,Stealing From Other Premises or Place,0.0
Midland District,16,Stealing From Retail Premises (Shoplift),0.0
Midland District,16,Stealing as a Servant,34.0
Midland District,16,Stealing of Motor Vehicle,743.0
Midland District,16,Threatening Behaviour (Family),315.0
Midland District,16,Threatening Behaviour (Non-Family),167.0
Mirrabooka District,16,Assault Police Officer,73.0
Mirrabooka District,16,Attempted / Conspiracy to Murder,3.0
Mirrabooka District,16,Breach of Family Violence Restraint Order,633.0
Mirrabooka District,16,Breach of Police Order,233.0
Mirrabooka District,16,Breach of Violence Restraint Order,86.0
Mirrabooka District,16,Burglary (Dwelling),3198.0
Mirrabooka District,16,Burglary (Non-Dwelling),678.0
Mirrabooka District,16,Cause Bushfire,3.0
Mirrabooka District,16,Cause Damage by Fire,78.0
Mirrabooka District,16,Common Assault (Family),1613.0
Mirrabooka District,16,Common Assault (Non-Family),572.0
Mirrabooka District,16,Criminal Damage,553.0
Mirrabooka District,16,Cultivate or Manufacture Drugs,59.0
Mirrabooka District,16,Damage,2858.0
Mirrabooka District,16,Deprivation of Liberty,27.0
Mirrabooka District,16,Driving Causing Death,0.0
Mirrabooka District,16,Drug Dealing,272.0
Mirrabooka District,16,Drug Possession,1766.0
Mirrabooka District,16,Forgery,27.0
Mirrabooka District,16,Fraud (Credit Card),0.0
Mirrabooka District,16,Fraud (Not Elsewhere Classified),1791.0
Mirrabooka District,16,Graffiti,179.0
Mirrabooka District,16,Kidnapping / Child Stealing,1.0
Mirrabooka District,16,Manslaughter,0.0
Mirrabooka District,16,Murder,5.0
Mirrabooka District,16,Non-Assaultive Sexual Offences,93.0
Mirrabooka District,16,Other Drug Offences,13.0
Mirrabooka District,16,Other Fire Related Offences,1.0
Mirrabooka District,16,Possess Stolen Property,462.0
Mirrabooka District,16,Possess Weapon to Cause Fear (Family),58.0
Mirrabooka District,16,Possess Weapon to Cause Fear (Non-Family),147.0
Mirrabooka District,16,Possession of Drug Paraphernalia,1130.0
Mirrabooka District,16,Receiving Stolen Property,44.0
Mirrabooka District,16,Regulated Weapons Offences,412.0
Mirrabooka District,16,Robbery (Business),23.0
Mirrabooka District,16,Robbery (Non-Business),107.0
Mirrabooka District,16,Serious Assault (Family),240.0
Mirrabooka District,16,Serious Assault (Non-Family),244.0
Mirrabooka District,16,Sexual Assault,366.0
Mirrabooka District,16,Stealing (Not Elsewhere Classified),9518.0
Mirrabooka District,16,Stealing From Dwelling,0.0
Mirrabooka District,16,Stealing From Motor Vehicle (Contents or Parts),0.0
Mirrabooka District,16,Stealing From Other Premises or Place,0.0
Mirrabooka District,16,Stealing From Retail Premises (Shoplift),0.0
Mirrabooka District,16,Stealing as a Servant,17.0
Mirrabooka District,16,Stealing of Motor Vehicle,971.0
Mirrabooka District,16,Threatening Behaviour (Family),286.0
Mirrabooka District,16,Threatening Behaviour (Non-Family),162.0
Perth District,16,Assault Police Officer,156.0
Perth District,16,Attempted / Conspiracy to Murder,1.0
Perth District,16,Breach of Family Violence Restraint Order,298.0
Perth District,16,Breach of Police Order,43.0
Perth District,16,Breach of Violence Restraint Order,94.0
Perth District,16,Burglary (Dwelling),1207.0
Perth District,16,Burglary (Non-Dwelling),773.0
Perth District,16,Cause Bushfire,0.0
Perth District,16,Cause Damage by Fire,51.0
Perth District,16,Common Assault (Family),536.0
Perth District,16,Common Assault (Non-Family),798.0
Perth District,16,Criminal Damage,397.0
Perth District,16,Cultivate or Manufacture Drugs,23.0
Perth District,16,Damage,1787.0
Perth District,16,Deprivation of Liberty,16.0
Perth District,16,Driving Causing Death,1.0
Perth District,16,Drug Dealing,454.0
Perth District,16,Drug Possession,1750.0
Perth District,16,Forgery,18.0
Perth District,16,Fraud (Credit Card),0.0
Perth District,16,Fraud (Not Elsewhere Classified),2139.0
Perth District,16,Graffiti,270.0
Perth District,16,Kidnapping / Child Stealing,2.0
Perth District,16,Manslaughter,0.0
Perth District,16,Murder,2.0
Perth District,16,Non-Assaultive Sexual Offences,344.0
Perth District,16,Other Drug Offences,8.0
Perth District,16,Other Fire Related Offences,0.0
Perth District,16,Possess Stolen Property,636.0
Perth District,16,Possess Weapon to Cause Fear (Family),6.0
Perth District,16,Possess Weapon to Cause Fear (Non-Family),215.0
Perth District,16,Possession of Drug Paraphernalia,906.0
Perth District,16,Receiving Stolen Property,39.0
Perth District,16,Regulated Weapons Offences,339.0
Perth District,16,Robbery (Business),18.0
Perth District,16,Robbery (Non-Business),143.0
Perth District,16,Serious Assault (Family),93.0
Perth District,16,Serious Assault (Non-Family),586.0
Perth District,16,Sexual Assault,433.0
Perth District,16,Stealing (Not Elsewhere Classified),9025.0
Perth District,16,Stealing From Dwelling,0.0
Perth District,16,Stealing From Motor Vehicle (Contents or Parts),0.0
Perth District,16,Stealing From Other Premises or Place,0.0
Perth District,16,Stealing From Retail Premises (Shoplift),0.0
Perth District,16,Stealing as a Servant,24.0
Perth District,16,Stealing of Motor Vehicle,489.0
Perth District,16,Threatening Behaviour (Family),50.0
Perth District,16,Threatening Behaviour (Non-Family),97.0
Pilbara District,16,Assault Police Officer,56.0
Pilbara District,16,Attempted / Conspiracy to Murder,0.0
Pilbara District,16,Breach of Family Violence Restraint Order,371.0
Pilbara District,16,Breach of Police Order,154.0
Pilbara District,16,Breach of Violence Restraint Order,48.0
Pilbara District,16,Burglary (Dwelling),626.0
Pilbara District,16,Burglary (Non-Dwelling),258.0
Pilbara District,16,Cause Bushfire,14.0
Pilbara District,16,Cause Damage by Fire,44.0
Pilbara District,16,Common Assault (Family),836.0
Pilbara District,16,Common Assault (Non-Family),242.0
Pilbara District,16,Criminal Damage,350.0
Pilbara District,16,Cultivate or Manufacture Drugs,13.0
Pilbara District,16,Damage,1016.0
Pilbara District,16,Deprivation of Liberty,15.0
Pilbara District,16,Driving Causing Death,1.0
Pilbara District,16,Drug Dealing,58.0
Pilbara District,16,Drug Possession,458.0
Pilbara District,16,Forgery,9.0
Pilbara District,16,Fraud (Credit Card),0.0
Pilbara District,16,Fraud (Not Elsewhere Classified),367.0
Pilbara District,16,Graffiti,35.0
Pilbara District,16,Kidnapping / Child Stealing,1.0
Pilbara District,16,Manslaughter,3.0
Pilbara District,16,Murder,1.0
Pilbara District,16,Non-Assaultive Sexual Offences,340.0
Pilbara District,16,Other Drug Offences,9.0
Pilbara District,16,Other Fire Related Offences,0.0
Pilbara District,16,Possess Stolen Property,90.0
Pilbara District,16,Possess Weapon to Cause Fear (Family),34.0
Pilbara District,16,Possess Weapon to Cause Fear (Non-Family),61.0
Pilbara District,16,Possession of Drug Paraphernalia,311.0
Pilbara District,16,Receiving Stolen Property,21.0
Pilbara District,16,Regulated Weapons Offences,123.0
Pilbara District,16,Robbery (Business),1.0
Pilbara District,16,Robbery (Non-Business),18.0
Pilbara District,16,Serious Assault (Family),304.0
Pilbara District,16,Serious Assault (Non-Family),184.0
Pilbara District,16,Sexual Assault,184.0
Pilbara District,16,Stealing (Not Elsewhere Classified),1698.0
Pilbara District,16,Stealing From Dwelling,0.0
Pilbara District,16,Stealing From Motor Vehicle (Contents or Parts),0.0
Pilbara District,16,Stealing From Other Premises or Place,0.0
Pilbara District,16,Stealing From Retail Premises (Shoplift),0.0
Pilbara District,16,Stealing as a Servant,18.0
Pilbara District,16,Stealing of Motor Vehicle,268.0
Pilbara District,16,Threatening Behaviour (Family),118.0
Pilbara District,16,Threatening Behaviour (Non-Family),38.0
Regional WA Region,16,Assault Police Officer,375.0
Regional WA Region,16,Attempted / Conspiracy to Murder,5.0
Regional WA Region,16,Breach of Family Violence Restraint Order,2316.0
Regional WA Region,16,Breach of Police Order,1110.0
Regional WA Region,16,Breach of Violence Restraint Order,342.0
Regional WA Region,16,Burglary (Dwelling),5881.0
Regional WA Region,16,Burglary (Non-Dwelling),3186.0
Regional WA Region,16,Cause Bushfire,65.0
Regional WA Region,16,Cause Damage by Fire,240.0
Regional WA Region,16,Common Assault (Family),5614.0
Regional WA Region,16,Common Assault (Non-Family),1788.0
Regional WA Region,16,Criminal Damage,2301.0
Regional WA Region,16,Cultivate or Manufacture Drugs,410.0
Regional WA Region,16,Damage,8323.0
Regional WA Region,16,Deprivation of Liberty,59.0
Regional WA Region,16,Driving Causing Death,16.0
Regional WA Region,16,Drug Dealing,1049.0
Regional WA Region,16,Drug Possession,5439.0
Regional WA Region,16,Forgery,50.0
Regional WA Region,16,Fraud (Credit Card),0.0
Regional WA Region,16,Fraud (Not Elsewhere Classified),3860.0
Regional WA Region,16,Graffiti,363.0
Regional WA Region,16,Kidnapping / Child Stealing,3.0
Regional WA Region,16,Manslaughter,4.0
Regional WA Region,16,Murder,6.0
Regional WA Region,16,Non-Assaultive Sexual Offences,507.0
Regional WA Region,16,Other Drug Offences,110.0
Regional WA Region,16,Other Fire Related Offences,12.0
Regional WA Region,16,Possess Stolen Property,780.0
Regional WA Region,16,Possess Weapon to Cause Fear (Family),229.0
Regional WA Region,16,Possess Weapon to Cause Fear (Non-Family),527.0
Regional WA Region,16,Possession of Drug Paraphernalia,4223.0
Regional WA Region,16,Receiving Stolen Property,169.0
Regional WA Region,16,Regulated Weapons Offences,1322.0
Regional WA Region,16,Robbery (Business),19.0
Regional WA Region,16,Robbery (Non-Business),147.0
Regional WA Region,16,Serious Assault (Family),1762.0
Regional WA Region,16,Serious Assault (Non-Family),1152.0
Regional WA Region,16,Sexual Assault,1127.0
Regional WA Region,16,Stealing (Not Elsewhere Classified),15146.0
Regional WA Region,16,Stealing From Dwelling,0.0
Regional WA Region,16,Stealing From Motor Vehicle (Contents or Parts),0.0
Regional WA Region,16,Stealing From Other Premises or Place,0.0
Regional WA Region,16,Stealing From Retail Premises (Shoplift),0.0
Regional WA Region,16,Stealing as a Servant,95.0
Regional WA Region,16,Stealing of Motor Vehicle,1792.0
Regional WA Region,16,Threatening Behaviour (Family),652.0
Regional WA Region,16,Threatening Behaviour (Non-Family),326.0
South West District,16,Assault Police Officer,48.0
South West District,16,Attempted / Conspiracy to Murder,0.0
South West District,16,Breach of Family Violence Restraint Order,383.0
South West District,16,Breach of Police Order,127.0
South West District,16,Breach of Violence Restraint Order,63.0
South West District,16,Burglary (Dwelling),1139.0
South West District,16,Burglary (Non-Dwelling),821.0
South West District,16,Cause Bushfire,21.0
South West District,16,Cause Damage by Fire,42.0
South West District,16,Common Assault (Family),880.0
South West District,16,Common Assault (Non-Family),383.0
South West District,16,Criminal Damage,343.0
South West District,16,Cultivate or Manufacture Drugs,174.0
South West District,16,Damage,1932.0
South West District,16,Deprivation of Liberty,7.0
South West District,16,Driving Causing Death,4.0
South West District,16,Drug Dealing,449.0
South West District,16,Drug Possession,1644.0
South West District,16,Forgery,19.0
South West District,16,Fraud (Credit Card),0.0
South West District,16,Fraud (Not Elsewhere Classified),637.0
South West District,16,Graffiti,91.0
South West District,16,Kidnapping / Child Stealing,0.0
South West District,16,Manslaughter,0.0
South West District,16,Murder,1.0
South West District,16,Non-Assaultive Sexual Offences,66.0
South West District,16,Other Drug Offences,6.0
South West District,16,Other Fire Related Offences,3.0
South West District,16,Possess Stolen Property,247.0
South West District,16,Possess Weapon to Cause Fear (Family),16.0
South West District,16,Possess Weapon to Cause Fear (Non-Family),76.0
South West District,16,Possession of Drug Paraphernalia,1228.0
South West District,16,Receiving Stolen Property,24.0
South West District,16,Regulated Weapons Offences,395.0
South West District,16,Robbery (Business),5.0
South West District,16,Robbery (Non-Business),23.0
South West District,16,Serious Assault (Family),121.0
South West District,16,Serious Assault (Non-Family),152.0
South West District,16,Sexual Assault,226.0
South West District,16,Stealing (Not Elsewhere Classified),4857.0
South West District,16,Stealing From Dwelling,0.0
South West District,16,Stealing From Motor Vehicle (Contents or Parts),0.0
South West District,16,Stealing From Other Premises or Place,0.0
South West District,16,Stealing From Retail Premises (Shoplift),0.0
South West District,16,Stealing as a Servant,28.0
South West District,16,Stealing of Motor Vehicle,355.0
South West District,16,Threatening Behaviour (Family),110.0
South West District,16,Threatening Behaviour (Non-Family),69.0
Western Australia,16,Assault Police Officer,987.0
Western Australia,16,Attempted / Conspiracy to Murder,22.0
Western Australia,16,Breach of Family Violence Restraint Order,7837.0
Western Australia,16,Breach of Police Order,2668.0
Western Australia,16,Breach of Violence Restraint Order,1240.0
Western Australia,16,Burglary (Dwelling),27464.0
Western Australia,16,Burglary (Non-Dwelling),9787.0
Western Australia,16,Cause Bushfire,133.0
Western Australia,16,Cause Damage by Fire,865.0
Western Australia,16,Common Assault (Family),17437.0
Western Australia,16,Common Assault (Non-Family),7096.0
Western Australia,16,Criminal Damage,7149.0
Western Australia,16,Cultivate or Manufacture Drugs,889.0
Western Australia,16,Damage,28326.0
Western Australia,16,Deprivation of Liberty,272.0
Western Australia,16,Driving Causing Death,28.0
Western Australia,16,Drug Dealing,3506.0
Western Australia,16,Drug Possession,18443.0
Western Australia,16,Forgery,203.0
Western Australia,16,Fraud (Credit Card),0.0
Western Australia,16,Fraud (Not Elsewhere Classified),17230.0
Western Australia,16,Graffiti,1869.0
Western Australia,16,Kidnapping / Child Stealing,26.0
Western Australia,16,Manslaughter,14.0
Western Australia,16,Murder,35.0
Western Australia,16,Non-Assaultive Sexual Offences,1575.0
Western Australia,16,Other Drug Offences,209.0
Western Australia,16,Other Fire Related Offences,42.0
Western Australia,16,Possess Stolen Property,4535.0
Western Australia,16,Possess Weapon to Cause Fear (Family),707.0
Western Australia,16,Possess Weapon to Cause Fear (Non-Family),1989.0
Western Australia,16,Possession of Drug Paraphernalia,12885.0
Western Australia,16,Receiving Stolen Property,600.0
Western Australia,16,Regulated Weapons Offences,5022.0
Western Australia,16,Robbery (Business),200.0
Western Australia,16,Robbery (Non-Business),1199.0
Western Australia,16,Serious Assault (Family),3661.0
Western Australia,16,Serious Assault (Non-Family),3964.0
Western Australia,16,Sexual Assault,4116.0
Western Australia,16,Stealing (Not Elsewhere Classified),88191.0
Western Australia,16,Stealing From Dwelling,0.0
Western Australia,16,Stealing From Motor Vehicle (Contents or Parts),0.0
Western Australia,16,Stealing From Other Premises or Place,0.0
Western Australia,16,Stealing From Retail Premises (Shoplift),0.0
Western Australia,16,Stealing as a Servant,276.0
Western Australia,16,Stealing of Motor Vehicle,8509.0
Western Australia,16,Threatening Behaviour (Family),2444.0
Western Australia,16,Threatening Behaviour (Non-Family),1546.0
Wheatbelt District,16,Assault Police Officer,24.0
Wheatbelt District,16,Attempted / Conspiracy to Murder,0.0
Wheatbelt District,16,Breach of Family Violence Restraint Order,151.0
Wheatbelt District,16,Breach of Police Order,58.0
Wheatbelt District,16,Breach of Violence Restraint Order,37.0
Wheatbelt District,16,Burglary (Dwelling),563.0
Wheatbelt District,16,Burglary (Non-Dwelling),303.0
Wheatbelt District,16,Cause Bushfire,3.0
Wheatbelt District,16,Cause Damage by Fire,21.0
Wheatbelt District,16,Common Assault (Family),342.0
Wheatbelt District,16,Common Assault (Non-Family),171.0
Wheatbelt District,16,Criminal Damage,246.0
Wheatbelt District,16,Cultivate or Manufacture Drugs,32.0
Wheatbelt District,16,Damage,582.0
Wheatbelt District,16,Deprivation of Liberty,1.0
Wheatbelt District,16,Driving Causing Death,2.0
Wheatbelt District,16,Drug Dealing,66.0
Wheatbelt District,16,Drug Possession,540.0
Wheatbelt District,16,Forgery,3.0
Wheatbelt District,16,Fraud (Credit Card),0.0
Wheatbelt District,16,Fraud (Not Elsewhere Classified),592.0
Wheatbelt District,16,Graffiti,32.0
Wheatbelt District,16,Kidnapping / Child Stealing,0.0
Wheatbelt District,16,Manslaughter,0.0
Wheatbelt District,16,Murder,0.0
Wheatbelt District,16,Non-Assaultive Sexual Offences,11.0
Wheatbelt District,16,Other Drug Offences,10.0
Wheatbelt District,16,Other Fire Related Offences,2.0
Wheatbelt District,16,Possess Stolen Property,77.0
Wheatbelt District,16,Possess Weapon to Cause Fear (Family),14.0
Wheatbelt District,16,Possess Weapon to Cause Fear (Non-Family),62.0
Wheatbelt District,16,Possession of Drug Paraphernalia,438.0
Wheatbelt District,16,Receiving Stolen Property,26.0
Wheatbelt District,16,Regulated Weapons Offences,141.0
Wheatbelt District,16,Robbery (Business),3.0
Wheatbelt District,16,Robbery (Non-Business),16.0
Wheatbelt District,16,Serious Assault (Family),82.0
Wheatbelt District,16,Serious Assault (Non-Family),82.0
Wheatbelt District,16,Sexual Assault,81.0
Wheatbelt District,16,Stealing (Not Elsewhere Classified),1121.0
Wheatbelt District,16,Stealing From Dwelling,0.0
Wheatbelt District,16,Stealing From Motor Vehicle (Contents or Parts),0.0
Wheatbelt District,16,Stealing From Other Premises or Place,0.0
Wheatbelt District,16,Stealing From Retail Premises (Shoplift),0.0
Wheatbelt District,16,Stealing as a Servant,6.0
Wheatbelt District,16,Stealing of Motor Vehicle,126.0
Wheatbelt District,16,Threatening Behaviour (Family),49.0
Wheatbelt District,16,Threatening Behaviour (Non-Family),48.0
